{"cameraMode":{"drawMode":0,"name":"Shaded","section":"Shading Mode"},"sceneLighting":true,"audioPlay":false,"sceneViewState":{"showFog":false,"showMaterialUpdate":false,"showSkybox":false,"showFlares":false,"showImageEffects":false,"showParticleSystems":false},"in2DMode":false,"pivot":{"x":0.5936927795410156,"y":1.8874201774597169,"z":1.1763315200805665},"rotation":{"x":-0.015306969173252583,"y":-0.017399325966835023,"z":0.0002834523329511285,"w":-0.9997599720954895},"size":6.698248386383057,"orthographic":false}